,problem,result
0,AA100000,"['Aac', 'Ica']"
1,AA200000,"['Aca', 'Iac']"
2,AA300000,['NVC']
3,AA400000,"['Aac', 'Aca']"
4,AI100000,['NVC']
5,AI200000,"['Ica', 'Iac']"
6,AI300000,['NVC']
7,AI400000,"['Aca', 'Iac']"
8,AE100000,['Eac']
9,AE200000,['Eca']
10,AE300000,['NVC']
11,AE400000,['Eac']
12,AO100000,['NVC']
13,AO200000,['Oca']
14,AO300000,['NVC']
15,AO400000,['Oac']
16,IA100000,"['Ica', 'Iac']"
17,IA200000,['NVC']
18,IA300000,['NVC']
19,IA400000,"['Aac', 'Ica']"
20,II100000,['NVC']
21,II200000,['NVC']
22,II300000,['NVC']
23,II400000,['NVC']
24,IE100000,['Oac']
25,IE200000,['Eca']
26,IE300000,['NVC']
27,IE400000,['Eac']
28,IO100000,['NVC']
29,IO200000,['Oca']
30,IO300000,['NVC']
31,IO400000,['NVC']
32,EA100000,['Eac']
33,EA200000,['Eca']
34,EA300000,['NVC']
35,EA400000,['Eca']
36,EI100000,['Eac']
37,EI200000,['Oca']
38,EI300000,['NVC']
39,EI400000,['Eca']
40,EE100000,['NVC']
41,EE200000,['NVC']
42,EE300000,['NVC']
43,EE400000,['NVC']
44,EO100000,['NVC']
45,EO200000,['NVC']
46,EO300000,['NVC']
47,EO400000,['NVC']
48,OA100000,['Oac']
49,OA200000,['NVC']
50,OA300000,['NVC']
51,OA400000,['Oca']
52,OI100000,['Oac']
53,OI200000,['NVC']
54,OI300000,['NVC']
55,OI400000,['NVC']
56,OE100000,['NVC']
57,OE200000,['NVC']
58,OE300000,['NVC']
59,OE400000,['NVC']
60,OO100000,['NVC']
61,OO200000,['NVC']
62,OO300000,['NVC']
63,OO400000,['NVC']
64,AA100001,"['Aac', 'Ica']"
65,AA200001,"['Aca', 'Iac']"
66,AA300001,['NVC']
67,AA400001,"['Aac', 'Aca']"
68,AI100001,"['Aca', 'Iac']"
69,AI200001,"['Ica', 'Iac']"
70,AI300001,['NVC']
71,AI400001,"['Aca', 'Iac']"
72,AE100001,['Eac']
73,AE200001,['Eca']
74,AE300001,['NVC']
75,AE400001,['Eac']
76,AO100001,['Oac']
77,AO200001,['Oca']
78,AO300001,['NVC']
79,AO400001,['Oac']
80,IA100001,"['Ica', 'Iac']"
81,IA200001,"['Aac', 'Ica']"
82,IA300001,['NVC']
83,IA400001,"['Aac', 'Ica']"
84,II100001,"['Aca', 'Iac']"
85,II200001,"['Aac', 'Ica']"
86,II300001,['NVC']
87,II400001,['NVC']
88,IE100001,['Oac']
89,IE200001,['Eca']
90,IE300001,['NVC']
91,IE400001,['Eac']
92,IO100001,['Oac']
93,IO200001,['Oca']
94,IO300001,['NVC']
95,IO400001,['NVC']
96,EA100001,['Eac']
97,EA200001,['Eca']
98,EA300001,['NVC']
99,EA400001,['Eca']
100,EI100001,['Eac']
101,EI200001,['Oca']
102,EI300001,['NVC']
103,EI400001,['Eca']
104,EE100001,['NVC']
105,EE200001,['NVC']
106,EE300001,['NVC']
107,EE400001,['NVC']
108,EO100001,['NVC']
109,EO200001,['NVC']
110,EO300001,['NVC']
111,EO400001,['NVC']
112,OA100001,['Oac']
113,OA200001,['Oca']
114,OA300001,['NVC']
115,OA400001,['Oca']
116,OI100001,['Oac']
117,OI200001,['Oca']
118,OI300001,['NVC']
119,OI400001,['NVC']
120,OE100001,['NVC']
121,OE200001,['NVC']
122,OE300001,['NVC']
123,OE400001,['NVC']
124,OO100001,['NVC']
125,OO200001,['NVC']
126,OO300001,['NVC']
127,OO400001,['NVC']
128,AA100010,"['Aac', 'Ica']"
129,AA200010,"['Aca', 'Iac']"
130,AA300010,['NVC']
131,AA400010,"['Aac', 'Aca']"
132,AI100010,['NVC']
133,AI200010,"['Ica', 'Iac']"
134,AI300010,['NVC']
135,AI400010,"['Aca', 'Iac']"
136,AE100010,['Eac']
137,AE200010,['Eca']
138,AE300010,['NVC']
139,AE400010,['Eac']
140,AO100010,['NVC']
141,AO200010,['Oca']
142,AO300010,['NVC']
143,AO400010,['Oac']
144,IA100010,"['Ica', 'Iac']"
145,IA200010,['NVC']
146,IA300010,['NVC']
147,IA400010,"['Aac', 'Ica']"
148,II100010,['NVC']
149,II200010,['NVC']
150,II300010,['NVC']
151,II400010,['NVC']
152,IE100010,['Oac']
153,IE200010,['Eca']
154,IE300010,['NVC']
155,IE400010,['Eac']
156,IO100010,['NVC']
157,IO200010,['Oca']
158,IO300010,['NVC']
159,IO400010,['NVC']
160,EA100010,['Eac']
161,EA200010,['Eca']
162,EA300010,['NVC']
163,EA400010,['Eca']
164,EI100010,['Eac']
165,EI200010,['Oca']
166,EI300010,['NVC']
167,EI400010,['Eca']
168,EE100010,['NVC']
169,EE200010,['NVC']
170,EE300010,['NVC']
171,EE400010,['NVC']
172,EO100010,['NVC']
173,EO200010,['NVC']
174,EO300010,['NVC']
175,EO400010,['NVC']
176,OA100010,['Oac']
177,OA200010,['NVC']
178,OA300010,['NVC']
179,OA400010,['Oca']
180,OI100010,['Oac']
181,OI200010,['NVC']
182,OI300010,['NVC']
183,OI400010,['NVC']
184,OE100010,['NVC']
185,OE200010,['NVC']
186,OE300010,['NVC']
187,OE400010,['NVC']
188,OO100010,['NVC']
189,OO200010,['NVC']
190,OO300010,['NVC']
191,OO400010,['NVC']
192,AA100011,"['Aac', 'Ica']"
193,AA200011,"['Aca', 'Iac']"
194,AA300011,['NVC']
195,AA400011,"['Aac', 'Aca']"
196,AI100011,"['Aca', 'Iac']"
197,AI200011,"['Ica', 'Iac']"
198,AI300011,['NVC']
199,AI400011,"['Aca', 'Iac']"
200,AE100011,['Eac']
201,AE200011,['Eca']
202,AE300011,['NVC']
203,AE400011,['Eac']
204,AO100011,['NVC']
205,AO200011,['Oca']
206,AO300011,['NVC']
207,AO400011,['Oac']
208,IA100011,"['Ica', 'Iac']"
209,IA200011,"['Aac', 'Ica']"
210,IA300011,['NVC']
211,IA400011,"['Aac', 'Ica']"
212,II100011,"['Aca', 'Iac']"
213,II200011,"['Aac', 'Ica']"
214,II300011,['NVC']
215,II400011,['NVC']
216,IE100011,['Oac']
217,IE200011,['Eca']
218,IE300011,['NVC']
219,IE400011,['Eac']
220,IO100011,['Oac']
221,IO200011,['Oca']
222,IO300011,['NVC']
223,IO400011,['NVC']
224,EA100011,['Eac']
225,EA200011,['Eca']
226,EA300011,['NVC']
227,EA400011,['Eca']
228,EI100011,['Eac']
229,EI200011,['Oca']
230,EI300011,['NVC']
231,EI400011,['Eca']
232,EE100011,['NVC']
233,EE200011,['NVC']
234,EE300011,['NVC']
235,EE400011,['NVC']
236,EO100011,['NVC']
237,EO200011,['NVC']
238,EO300011,['NVC']
239,EO400011,['NVC']
240,OA100011,['Oac']
241,OA200011,['NVC']
242,OA300011,['NVC']
243,OA400011,['Oca']
244,OI100011,['Oac']
245,OI200011,['Oca']
246,OI300011,['NVC']
247,OI400011,['NVC']
248,OE100011,['NVC']
249,OE200011,['NVC']
250,OE300011,['NVC']
251,OE400011,['NVC']
252,OO100011,['NVC']
253,OO200011,['NVC']
254,OO300011,['NVC']
255,OO400011,['NVC']
256,AA100100,['Aac']
257,AA200100,['Aca']
258,AA300100,['NVC']
259,AA400100,"['Aac', 'Aca']"
260,AI100100,['NVC']
261,AI200100,"['Ica', 'Iac']"
262,AI300100,['NVC']
263,AI400100,['Aca']
264,AE100100,['NVC']
265,AE200100,"['Eca', 'Eac']"
266,AE300100,['NVC']
267,AE400100,"['Eca', 'Eac']"
268,AO100100,['NVC']
269,AO200100,['Oca']
270,AO300100,['NVC']
271,AO400100,['Oac']
272,IA100100,"['Ica', 'Iac']"
273,IA200100,['NVC']
274,IA300100,['NVC']
275,IA400100,['Aac']
276,II100100,['NVC']
277,II200100,['NVC']
278,II300100,['NVC']
279,II400100,['NVC']
280,IE100100,['Oac']
281,IE200100,"['Eca', 'Eac']"
282,IE300100,['Oac']
283,IE400100,"['Eca', 'Eac']"
284,IO100100,['NVC']
285,IO200100,['Oca']
286,IO300100,['NVC']
287,IO400100,['NVC']
288,EA100100,"['Eca', 'Eac']"
289,EA200100,['NVC']
290,EA300100,['NVC']
291,EA400100,"['Eca', 'Eac']"
292,EI100100,"['Eca', 'Eac']"
293,EI200100,['Oca']
294,EI300100,['Oca']
295,EI400100,"['Eca', 'Eac']"
296,EE100100,['NVC']
297,EE200100,['NVC']
298,EE300100,['NVC']
299,EE400100,['NVC']
300,EO100100,['NVC']
301,EO200100,['NVC']
302,EO300100,['NVC']
303,EO400100,['NVC']
304,OA100100,['Oac']
305,OA200100,['NVC']
306,OA300100,['NVC']
307,OA400100,['Oca']
308,OI100100,['Oac']
309,OI200100,['NVC']
310,OI300100,['NVC']
311,OI400100,['NVC']
312,OE100100,['NVC']
313,OE200100,['NVC']
314,OE300100,['NVC']
315,OE400100,['NVC']
316,OO100100,['NVC']
317,OO200100,['NVC']
318,OO300100,['NVC']
319,OO400100,['NVC']
320,AA100101,['Aac']
321,AA200101,['Aca']
322,AA300101,['NVC']
323,AA400101,"['Aac', 'Aca']"
324,AI100101,['Aca']
325,AI200101,"['Ica', 'Iac']"
326,AI300101,['NVC']
327,AI400101,['Aca']
328,AE100101,['NVC']
329,AE200101,"['Eca', 'Eac']"
330,AE300101,['NVC']
331,AE400101,"['Eca', 'Eac']"
332,AO100101,['Oac']
333,AO200101,['Oca']
334,AO300101,['NVC']
335,AO400101,['Oac']
336,IA100101,"['Ica', 'Iac']"
337,IA200101,['Aac']
338,IA300101,['NVC']
339,IA400101,['Aac']
340,II100101,['Aca']
341,II200101,['Aac']
342,II300101,['NVC']
343,II400101,['NVC']
344,IE100101,['Oac']
345,IE200101,"['Eca', 'Eac']"
346,IE300101,['Oac']
347,IE400101,"['Eca', 'Eac']"
348,IO100101,['Oac']
349,IO200101,['Oca']
350,IO300101,['NVC']
351,IO400101,['NVC']
352,EA100101,"['Eca', 'Eac']"
353,EA200101,['NVC']
354,EA300101,['NVC']
355,EA400101,"['Eca', 'Eac']"
356,EI100101,"['Eca', 'Eac']"
357,EI200101,['Oca']
358,EI300101,['Oca']
359,EI400101,"['Eca', 'Eac']"
360,EE100101,['NVC']
361,EE200101,['NVC']
362,EE300101,['NVC']
363,EE400101,['NVC']
364,EO100101,['NVC']
365,EO200101,['NVC']
366,EO300101,['NVC']
367,EO400101,['NVC']
368,OA100101,['Oac']
369,OA200101,['Oca']
370,OA300101,['NVC']
371,OA400101,['Oca']
372,OI100101,['Oac']
373,OI200101,['Oca']
374,OI300101,['NVC']
375,OI400101,['NVC']
376,OE100101,['NVC']
377,OE200101,['NVC']
378,OE300101,['NVC']
379,OE400101,['NVC']
380,OO100101,['NVC']
381,OO200101,['NVC']
382,OO300101,['NVC']
383,OO400101,['NVC']
384,AA100110,['Aac']
385,AA200110,['Aca']
386,AA300110,['NVC']
387,AA400110,"['Aac', 'Aca']"
388,AI100110,['NVC']
389,AI200110,"['Ica', 'Iac']"
390,AI300110,['NVC']
391,AI400110,['Aca']
392,AE100110,['NVC']
393,AE200110,"['Eca', 'Eac']"
394,AE300110,['NVC']
395,AE400110,"['Eca', 'Eac']"
396,AO100110,['NVC']
397,AO200110,['Oca']
398,AO300110,['NVC']
399,AO400110,['Oac']
400,IA100110,"['Ica', 'Iac']"
401,IA200110,['NVC']
402,IA300110,['NVC']
403,IA400110,['Aac']
404,II100110,['NVC']
405,II200110,['NVC']
406,II300110,['NVC']
407,II400110,['NVC']
408,IE100110,['Oac']
409,IE200110,"['Eca', 'Eac']"
410,IE300110,['Oac']
411,IE400110,"['Eca', 'Eac']"
412,IO100110,['NVC']
413,IO200110,['Oca']
414,IO300110,['NVC']
415,IO400110,['NVC']
416,EA100110,"['Eca', 'Eac']"
417,EA200110,['NVC']
418,EA300110,['NVC']
419,EA400110,"['Eca', 'Eac']"
420,EI100110,"['Eca', 'Eac']"
421,EI200110,['Oca']
422,EI300110,['Oca']
423,EI400110,"['Eca', 'Eac']"
424,EE100110,['NVC']
425,EE200110,['NVC']
426,EE300110,['NVC']
427,EE400110,['NVC']
428,EO100110,['NVC']
429,EO200110,['NVC']
430,EO300110,['NVC']
431,EO400110,['NVC']
432,OA100110,['Oac']
433,OA200110,['NVC']
434,OA300110,['NVC']
435,OA400110,['Oca']
436,OI100110,['Oac']
437,OI200110,['NVC']
438,OI300110,['NVC']
439,OI400110,['NVC']
440,OE100110,['NVC']
441,OE200110,['NVC']
442,OE300110,['NVC']
443,OE400110,['NVC']
444,OO100110,['NVC']
445,OO200110,['NVC']
446,OO300110,['NVC']
447,OO400110,['NVC']
448,AA100111,['Aac']
449,AA200111,['Aca']
450,AA300111,['NVC']
451,AA400111,"['Aac', 'Aca']"
452,AI100111,['Aca']
453,AI200111,"['Ica', 'Iac']"
454,AI300111,['NVC']
455,AI400111,['Aca']
456,AE100111,['NVC']
457,AE200111,"['Eca', 'Eac']"
458,AE300111,['NVC']
459,AE400111,"['Eca', 'Eac']"
460,AO100111,['NVC']
461,AO200111,['Oca']
462,AO300111,['NVC']
463,AO400111,['Oac']
464,IA100111,"['Ica', 'Iac']"
465,IA200111,['Aac']
466,IA300111,['NVC']
467,IA400111,['Aac']
468,II100111,['Aca']
469,II200111,['Aac']
470,II300111,['NVC']
471,II400111,['NVC']
472,IE100111,['Oac']
473,IE200111,"['Eca', 'Eac']"
474,IE300111,['Oac']
475,IE400111,"['Eca', 'Eac']"
476,IO100111,['Oac']
477,IO200111,['Oca']
478,IO300111,['NVC']
479,IO400111,['NVC']
480,EA100111,"['Eca', 'Eac']"
481,EA200111,['NVC']
482,EA300111,['NVC']
483,EA400111,"['Eca', 'Eac']"
484,EI100111,"['Eca', 'Eac']"
485,EI200111,['Oca']
486,EI300111,['Oca']
487,EI400111,"['Eca', 'Eac']"
488,EE100111,['NVC']
489,EE200111,['NVC']
490,EE300111,['NVC']
491,EE400111,['NVC']
492,EO100111,['NVC']
493,EO200111,['NVC']
494,EO300111,['NVC']
495,EO400111,['NVC']
496,OA100111,['Oac']
497,OA200111,['NVC']
498,OA300111,['NVC']
499,OA400111,['Oca']
500,OI100111,['Oac']
501,OI200111,['Oca']
502,OI300111,['NVC']
503,OI400111,['NVC']
504,OE100111,['NVC']
505,OE200111,['NVC']
506,OE300111,['NVC']
507,OE400111,['NVC']
508,OO100111,['NVC']
509,OO200111,['NVC']
510,OO300111,['NVC']
511,OO400111,['NVC']
512,AA101000,['Aac']
513,AA201000,['Aca']
514,AA301000,['NVC']
515,AA401000,"['Aac', 'Aca']"
516,AI101000,['NVC']
517,AI201000,"['Ica', 'Iac']"
518,AI301000,['NVC']
519,AI401000,"['Ica', 'Iac']"
520,AE101000,['Eac']
521,AE201000,['Eca']
522,AE301000,['NVC']
523,AE401000,['Eac']
524,AO101000,['NVC']
525,AO201000,['Oca']
526,AO301000,['NVC']
527,AO401000,['Oac']
528,IA101000,"['Ica', 'Iac']"
529,IA201000,['NVC']
530,IA301000,['NVC']
531,IA401000,"['Ica', 'Iac']"
532,II101000,['NVC']
533,II201000,['NVC']
534,II301000,['NVC']
535,II401000,['NVC']
536,IE101000,['Oac']
537,IE201000,['NVC']
538,IE301000,['NVC']
539,IE401000,['Oac']
540,IO101000,['NVC']
541,IO201000,['NVC']
542,IO301000,['NVC']
543,IO401000,['NVC']
544,EA101000,['Eac']
545,EA201000,['Eca']
546,EA301000,['NVC']
547,EA401000,['Eca']
548,EI101000,['NVC']
549,EI201000,['Oca']
550,EI301000,['NVC']
551,EI401000,['Oca']
552,EE101000,['NVC']
553,EE201000,['NVC']
554,EE301000,['NVC']
555,EE401000,['NVC']
556,EO101000,['NVC']
557,EO201000,['NVC']
558,EO301000,['NVC']
559,EO401000,['NVC']
560,OA101000,['Oac']
561,OA201000,['NVC']
562,OA301000,['NVC']
563,OA401000,['Oca']
564,OI101000,['NVC']
565,OI201000,['NVC']
566,OI301000,['NVC']
567,OI401000,['NVC']
568,OE101000,['NVC']
569,OE201000,['NVC']
570,OE301000,['NVC']
571,OE401000,['NVC']
572,OO101000,['NVC']
573,OO201000,['NVC']
574,OO301000,['NVC']
575,OO401000,['NVC']
576,AA101001,['Aac']
577,AA201001,['Aca']
578,AA301001,['NVC']
579,AA401001,"['Aac', 'Aca']"
580,AI101001,"['Ica', 'Iac']"
581,AI201001,"['Ica', 'Iac']"
582,AI301001,"['Ica', 'Iac']"
583,AI401001,"['Ica', 'Iac']"
584,AE101001,['Eac']
585,AE201001,['Eca']
586,AE301001,['NVC']
587,AE401001,['Eac']
588,AO101001,['Oac']
589,AO201001,['Oca']
590,AO301001,['NVC']
591,AO401001,['Oac']
592,IA101001,"['Ica', 'Iac']"
593,IA201001,"['Ica', 'Iac']"
594,IA301001,"['Ica', 'Iac']"
595,IA401001,"['Ica', 'Iac']"
596,II101001,['NVC']
597,II201001,['NVC']
598,II301001,['NVC']
599,II401001,['NVC']
600,IE101001,['Oac']
601,IE201001,['NVC']
602,IE301001,['NVC']
603,IE401001,['Oac']
604,IO101001,['NVC']
605,IO201001,['NVC']
606,IO301001,['NVC']
607,IO401001,['NVC']
608,EA101001,['Eac']
609,EA201001,['Eca']
610,EA301001,['NVC']
611,EA401001,['Eca']
612,EI101001,['NVC']
613,EI201001,['Oca']
614,EI301001,['NVC']
615,EI401001,['Oca']
616,EE101001,['NVC']
617,EE201001,['NVC']
618,EE301001,['NVC']
619,EE401001,['NVC']
620,EO101001,['NVC']
621,EO201001,['NVC']
622,EO301001,['NVC']
623,EO401001,['NVC']
624,OA101001,['Oac']
625,OA201001,['Oca']
626,OA301001,['NVC']
627,OA401001,['Oca']
628,OI101001,['NVC']
629,OI201001,['NVC']
630,OI301001,['NVC']
631,OI401001,['NVC']
632,OE101001,['NVC']
633,OE201001,['NVC']
634,OE301001,['NVC']
635,OE401001,['NVC']
636,OO101001,['NVC']
637,OO201001,['NVC']
638,OO301001,['NVC']
639,OO401001,['NVC']
640,AA101010,['Aac']
641,AA201010,['Aca']
642,AA301010,['NVC']
643,AA401010,"['Aac', 'Aca']"
644,AI101010,['NVC']
645,AI201010,"['Ica', 'Iac']"
646,AI301010,['NVC']
647,AI401010,"['Ica', 'Iac']"
648,AE101010,['Eac']
649,AE201010,['Eca']
650,AE301010,['NVC']
651,AE401010,['Eac']
652,AO101010,['NVC']
653,AO201010,['Oca']
654,AO301010,['NVC']
655,AO401010,['Oac']
656,IA101010,"['Ica', 'Iac']"
657,IA201010,['NVC']
658,IA301010,['NVC']
659,IA401010,"['Ica', 'Iac']"
660,II101010,['NVC']
661,II201010,['NVC']
662,II301010,['NVC']
663,II401010,['NVC']
664,IE101010,['Oac']
665,IE201010,['NVC']
666,IE301010,['NVC']
667,IE401010,['Oac']
668,IO101010,['NVC']
669,IO201010,['NVC']
670,IO301010,['NVC']
671,IO401010,['NVC']
672,EA101010,['Eac']
673,EA201010,['Eca']
674,EA301010,['NVC']
675,EA401010,['Eca']
676,EI101010,['NVC']
677,EI201010,['Oca']
678,EI301010,['NVC']
679,EI401010,['Oca']
680,EE101010,['NVC']
681,EE201010,['NVC']
682,EE301010,['NVC']
683,EE401010,['NVC']
684,EO101010,['NVC']
685,EO201010,['NVC']
686,EO301010,['NVC']
687,EO401010,['NVC']
688,OA101010,['Oac']
689,OA201010,['NVC']
690,OA301010,['NVC']
691,OA401010,['Oca']
692,OI101010,['NVC']
693,OI201010,['NVC']
694,OI301010,['NVC']
695,OI401010,['NVC']
696,OE101010,['NVC']
697,OE201010,['NVC']
698,OE301010,['NVC']
699,OE401010,['NVC']
700,OO101010,['NVC']
701,OO201010,['NVC']
702,OO301010,['NVC']
703,OO401010,['NVC']
704,AA101011,['Aac']
705,AA201011,['Aca']
706,AA301011,['NVC']
707,AA401011,"['Aac', 'Aca']"
708,AI101011,"['Ica', 'Iac']"
709,AI201011,"['Ica', 'Iac']"
710,AI301011,"['Ica', 'Iac']"
711,AI401011,"['Ica', 'Iac']"
712,AE101011,['Eac']
713,AE201011,['Eca']
714,AE301011,['NVC']
715,AE401011,['Eac']
716,AO101011,['NVC']
717,AO201011,['Oca']
718,AO301011,['NVC']
719,AO401011,['Oac']
720,IA101011,"['Ica', 'Iac']"
721,IA201011,"['Ica', 'Iac']"
722,IA301011,"['Ica', 'Iac']"
723,IA401011,"['Ica', 'Iac']"
724,II101011,['NVC']
725,II201011,['NVC']
726,II301011,['NVC']
727,II401011,['NVC']
728,IE101011,['Oac']
729,IE201011,['NVC']
730,IE301011,['NVC']
731,IE401011,['Oac']
732,IO101011,['NVC']
733,IO201011,['NVC']
734,IO301011,['NVC']
735,IO401011,['NVC']
736,EA101011,['Eac']
737,EA201011,['Eca']
738,EA301011,['NVC']
739,EA401011,['Eca']
740,EI101011,['NVC']
741,EI201011,['Oca']
742,EI301011,['NVC']
743,EI401011,['Oca']
744,EE101011,['NVC']
745,EE201011,['NVC']
746,EE301011,['NVC']
747,EE401011,['NVC']
748,EO101011,['NVC']
749,EO201011,['NVC']
750,EO301011,['NVC']
751,EO401011,['NVC']
752,OA101011,['Oac']
753,OA201011,['NVC']
754,OA301011,['NVC']
755,OA401011,['Oca']
756,OI101011,['NVC']
757,OI201011,['NVC']
758,OI301011,['NVC']
759,OI401011,['NVC']
760,OE101011,['NVC']
761,OE201011,['NVC']
762,OE301011,['NVC']
763,OE401011,['NVC']
764,OO101011,['NVC']
765,OO201011,['NVC']
766,OO301011,['NVC']
767,OO401011,['NVC']
768,AA101100,['Aac']
769,AA201100,['Aca']
770,AA301100,['NVC']
771,AA401100,"['Aac', 'Aca']"
772,AI101100,['NVC']
773,AI201100,"['Ica', 'Iac']"
774,AI301100,['NVC']
775,AI401100,"['Ica', 'Iac']"
776,AE101100,['NVC']
777,AE201100,"['Eca', 'Eac']"
778,AE301100,['NVC']
779,AE401100,"['Eca', 'Eac']"
780,AO101100,['NVC']
781,AO201100,['Oca']
782,AO301100,['NVC']
783,AO401100,['Oac']
784,IA101100,"['Ica', 'Iac']"
785,IA201100,['NVC']
786,IA301100,['NVC']
787,IA401100,"['Ica', 'Iac']"
788,II101100,['NVC']
789,II201100,['NVC']
790,II301100,['NVC']
791,II401100,['NVC']
792,IE101100,['Oac']
793,IE201100,['Oac']
794,IE301100,['Oac']
795,IE401100,['Oac']
796,IO101100,['NVC']
797,IO201100,['NVC']
798,IO301100,['NVC']
799,IO401100,['NVC']
800,EA101100,"['Eca', 'Eac']"
801,EA201100,['NVC']
802,EA301100,['NVC']
803,EA401100,"['Eca', 'Eac']"
804,EI101100,['Oca']
805,EI201100,['Oca']
806,EI301100,['Oca']
807,EI401100,['Oca']
808,EE101100,['NVC']
809,EE201100,['NVC']
810,EE301100,['NVC']
811,EE401100,['NVC']
812,EO101100,['NVC']
813,EO201100,['NVC']
814,EO301100,['NVC']
815,EO401100,['NVC']
816,OA101100,['Oac']
817,OA201100,['NVC']
818,OA301100,['NVC']
819,OA401100,['Oca']
820,OI101100,['NVC']
821,OI201100,['NVC']
822,OI301100,['NVC']
823,OI401100,['NVC']
824,OE101100,['NVC']
825,OE201100,['NVC']
826,OE301100,['NVC']
827,OE401100,['NVC']
828,OO101100,['NVC']
829,OO201100,['NVC']
830,OO301100,['NVC']
831,OO401100,['NVC']
832,AA101101,['Aac']
833,AA201101,['Aca']
834,AA301101,['NVC']
835,AA401101,"['Aac', 'Aca']"
836,AI101101,"['Ica', 'Iac']"
837,AI201101,"['Ica', 'Iac']"
838,AI301101,"['Ica', 'Iac']"
839,AI401101,"['Ica', 'Iac']"
840,AE101101,['NVC']
841,AE201101,"['Eca', 'Eac']"
842,AE301101,['NVC']
843,AE401101,"['Eca', 'Eac']"
844,AO101101,['Oac']
845,AO201101,['Oca']
846,AO301101,['NVC']
847,AO401101,['Oac']
848,IA101101,"['Ica', 'Iac']"
849,IA201101,"['Ica', 'Iac']"
850,IA301101,"['Ica', 'Iac']"
851,IA401101,"['Ica', 'Iac']"
852,II101101,['NVC']
853,II201101,['NVC']
854,II301101,['NVC']
855,II401101,['NVC']
856,IE101101,['Oac']
857,IE201101,['Oac']
858,IE301101,['Oac']
859,IE401101,['Oac']
860,IO101101,['NVC']
861,IO201101,['NVC']
862,IO301101,['NVC']
863,IO401101,['NVC']
864,EA101101,"['Eca', 'Eac']"
865,EA201101,['NVC']
866,EA301101,['NVC']
867,EA401101,"['Eca', 'Eac']"
868,EI101101,['Oca']
869,EI201101,['Oca']
870,EI301101,['Oca']
871,EI401101,['Oca']
872,EE101101,['NVC']
873,EE201101,['NVC']
874,EE301101,['NVC']
875,EE401101,['NVC']
876,EO101101,['NVC']
877,EO201101,['NVC']
878,EO301101,['NVC']
879,EO401101,['NVC']
880,OA101101,['Oac']
881,OA201101,['Oca']
882,OA301101,['NVC']
883,OA401101,['Oca']
884,OI101101,['NVC']
885,OI201101,['NVC']
886,OI301101,['NVC']
887,OI401101,['NVC']
888,OE101101,['NVC']
889,OE201101,['NVC']
890,OE301101,['NVC']
891,OE401101,['NVC']
892,OO101101,['NVC']
893,OO201101,['NVC']
894,OO301101,['NVC']
895,OO401101,['NVC']
896,AA101110,['Aac']
897,AA201110,['Aca']
898,AA301110,['NVC']
899,AA401110,"['Aac', 'Aca']"
900,AI101110,['NVC']
901,AI201110,"['Ica', 'Iac']"
902,AI301110,['NVC']
903,AI401110,"['Ica', 'Iac']"
904,AE101110,['NVC']
905,AE201110,"['Eca', 'Eac']"
906,AE301110,['NVC']
907,AE401110,"['Eca', 'Eac']"
908,AO101110,['NVC']
909,AO201110,['Oca']
910,AO301110,['NVC']
911,AO401110,['Oac']
912,IA101110,"['Ica', 'Iac']"
913,IA201110,['NVC']
914,IA301110,['NVC']
915,IA401110,"['Ica', 'Iac']"
916,II101110,['NVC']
917,II201110,['NVC']
918,II301110,['NVC']
919,II401110,['NVC']
920,IE101110,['Oac']
921,IE201110,['Oac']
922,IE301110,['Oac']
923,IE401110,['Oac']
924,IO101110,['NVC']
925,IO201110,['NVC']
926,IO301110,['NVC']
927,IO401110,['NVC']
928,EA101110,"['Eca', 'Eac']"
929,EA201110,['NVC']
930,EA301110,['NVC']
931,EA401110,"['Eca', 'Eac']"
932,EI101110,['Oca']
933,EI201110,['Oca']
934,EI301110,['Oca']
935,EI401110,['Oca']
936,EE101110,['NVC']
937,EE201110,['NVC']
938,EE301110,['NVC']
939,EE401110,['NVC']
940,EO101110,['NVC']
941,EO201110,['NVC']
942,EO301110,['NVC']
943,EO401110,['NVC']
944,OA101110,['Oac']
945,OA201110,['NVC']
946,OA301110,['NVC']
947,OA401110,['Oca']
948,OI101110,['NVC']
949,OI201110,['NVC']
950,OI301110,['NVC']
951,OI401110,['NVC']
952,OE101110,['NVC']
953,OE201110,['NVC']
954,OE301110,['NVC']
955,OE401110,['NVC']
956,OO101110,['NVC']
957,OO201110,['NVC']
958,OO301110,['NVC']
959,OO401110,['NVC']
960,AA101111,['Aac']
961,AA201111,['Aca']
962,AA301111,['NVC']
963,AA401111,"['Aac', 'Aca']"
964,AI101111,"['Ica', 'Iac']"
965,AI201111,"['Ica', 'Iac']"
966,AI301111,"['Ica', 'Iac']"
967,AI401111,"['Ica', 'Iac']"
968,AE101111,['NVC']
969,AE201111,"['Eca', 'Eac']"
970,AE301111,['NVC']
971,AE401111,"['Eca', 'Eac']"
972,AO101111,['NVC']
973,AO201111,['Oca']
974,AO301111,['NVC']
975,AO401111,['Oac']
976,IA101111,"['Ica', 'Iac']"
977,IA201111,"['Ica', 'Iac']"
978,IA301111,"['Ica', 'Iac']"
979,IA401111,"['Ica', 'Iac']"
980,II101111,['NVC']
981,II201111,['NVC']
982,II301111,['NVC']
983,II401111,['NVC']
984,IE101111,['Oac']
985,IE201111,['Oac']
986,IE301111,['Oac']
987,IE401111,['Oac']
988,IO101111,['NVC']
989,IO201111,['NVC']
990,IO301111,['NVC']
991,IO401111,['NVC']
992,EA101111,"['Eca', 'Eac']"
993,EA201111,['NVC']
994,EA301111,['NVC']
995,EA401111,"['Eca', 'Eac']"
996,EI101111,['Oca']
997,EI201111,['Oca']
998,EI301111,['Oca']
999,EI401111,['Oca']
1000,EE101111,['NVC']
1001,EE201111,['NVC']
1002,EE301111,['NVC']
1003,EE401111,['NVC']
1004,EO101111,['NVC']
1005,EO201111,['NVC']
1006,EO301111,['NVC']
1007,EO401111,['NVC']
1008,OA101111,['Oac']
1009,OA201111,['NVC']
1010,OA301111,['NVC']
1011,OA401111,['Oca']
1012,OI101111,['NVC']
1013,OI201111,['NVC']
1014,OI301111,['NVC']
1015,OI401111,['NVC']
1016,OE101111,['NVC']
1017,OE201111,['NVC']
1018,OE301111,['NVC']
1019,OE401111,['NVC']
1020,OO101111,['NVC']
1021,OO201111,['NVC']
1022,OO301111,['NVC']
1023,OO401111,['NVC']
1024,AA110000,"['Aac', 'Ica']"
1025,AA210000,"['Aca', 'Iac']"
1026,AA310000,['NVC']
1027,AA410000,"['Aac', 'Aca']"
1028,AI110000,"['Aac', 'Ica']"
1029,AI210000,"['Ica', 'Iac']"
1030,AI310000,['NVC']
1031,AI410000,"['Aca', 'Iac']"
1032,AE110000,['Eac']
1033,AE210000,['Eca']
1034,AE310000,['NVC']
1035,AE410000,['Eac']
1036,AO110000,['NVC']
1037,AO210000,['Oca']
1038,AO310000,['NVC']
1039,AO410000,['Oac']
1040,IA110000,"['Ica', 'Iac']"
1041,IA210000,"['Aca', 'Iac']"
1042,IA310000,['NVC']
1043,IA410000,"['Aac', 'Ica']"
1044,II110000,"['Ica', 'Iac']"
1045,II210000,"['Ica', 'Iac']"
1046,II310000,['NVC']
1047,II410000,"['Ica', 'Iac']"
1048,IE110000,['Oac']
1049,IE210000,['Eca']
1050,IE310000,['NVC']
1051,IE410000,['Eac']
1052,IO110000,['NVC']
1053,IO210000,['Oca']
1054,IO310000,['NVC']
1055,IO410000,['Oac']
1056,EA110000,['Eac']
1057,EA210000,['Eca']
1058,EA310000,['NVC']
1059,EA410000,['Eca']
1060,EI110000,['Eac']
1061,EI210000,['Oca']
1062,EI310000,['NVC']
1063,EI410000,['Eca']
1064,EE110000,['NVC']
1065,EE210000,['NVC']
1066,EE310000,['NVC']
1067,EE410000,['NVC']
1068,EO110000,['NVC']
1069,EO210000,['NVC']
1070,EO310000,['NVC']
1071,EO410000,['NVC']
1072,OA110000,['Oac']
1073,OA210000,['NVC']
1074,OA310000,['NVC']
1075,OA410000,['Oca']
1076,OI110000,['Oac']
1077,OI210000,['NVC']
1078,OI310000,['NVC']
1079,OI410000,['Oca']
1080,OE110000,['NVC']
1081,OE210000,['NVC']
1082,OE310000,['NVC']
1083,OE410000,['NVC']
1084,OO110000,['NVC']
1085,OO210000,['NVC']
1086,OO310000,['NVC']
1087,OO410000,['NVC']
1088,AA110001,"['Aac', 'Ica']"
1089,AA210001,"['Aca', 'Iac']"
1090,AA310001,['NVC']
1091,AA410001,"['Aac', 'Aca']"
1092,AI110001,"['Aac', 'Ica']"
1093,AI210001,"['Ica', 'Iac']"
1094,AI310001,['NVC']
1095,AI410001,"['Aca', 'Iac']"
1096,AE110001,['Eac']
1097,AE210001,['Eca']
1098,AE310001,['NVC']
1099,AE410001,['Eac']
1100,AO110001,['Oac']
1101,AO210001,['Oca']
1102,AO310001,['NVC']
1103,AO410001,['Oac']
1104,IA110001,"['Ica', 'Iac']"
1105,IA210001,"['Aca', 'Iac']"
1106,IA310001,['NVC']
1107,IA410001,"['Aac', 'Ica']"
1108,II110001,"['Ica', 'Iac']"
1109,II210001,"['Ica', 'Iac']"
1110,II310001,['NVC']
1111,II410001,"['Ica', 'Iac']"
1112,IE110001,['Oac']
1113,IE210001,['Eca']
1114,IE310001,['NVC']
1115,IE410001,['Eac']
1116,IO110001,['Oac']
1117,IO210001,['Oca']
1118,IO310001,['NVC']
1119,IO410001,['Oac']
1120,EA110001,['Eac']
1121,EA210001,['Eca']
1122,EA310001,['NVC']
1123,EA410001,['Eca']
1124,EI110001,['Eac']
1125,EI210001,['Oca']
1126,EI310001,['NVC']
1127,EI410001,['Eca']
1128,EE110001,['NVC']
1129,EE210001,['NVC']
1130,EE310001,['NVC']
1131,EE410001,['NVC']
1132,EO110001,['NVC']
1133,EO210001,['NVC']
1134,EO310001,['NVC']
1135,EO410001,['NVC']
1136,OA110001,['Oac']
1137,OA210001,['Oca']
1138,OA310001,['NVC']
1139,OA410001,['Oca']
1140,OI110001,['Oac']
1141,OI210001,['Oca']
1142,OI310001,['NVC']
1143,OI410001,['Oca']
1144,OE110001,['NVC']
1145,OE210001,['NVC']
1146,OE310001,['NVC']
1147,OE410001,['NVC']
1148,OO110001,['NVC']
1149,OO210001,['NVC']
1150,OO310001,['NVC']
1151,OO410001,['NVC']
1152,AA110010,"['Aac', 'Ica']"
1153,AA210010,"['Aca', 'Iac']"
1154,AA310010,['NVC']
1155,AA410010,"['Aac', 'Aca']"
1156,AI110010,"['Aac', 'Ica']"
1157,AI210010,"['Ica', 'Iac']"
1158,AI310010,['NVC']
1159,AI410010,"['Aca', 'Iac']"
1160,AE110010,['Eac']
1161,AE210010,['Eca']
1162,AE310010,['Eca']
1163,AE410010,['Eac']
1164,AO110010,['NVC']
1165,AO210010,['Oca']
1166,AO310010,['Oca']
1167,AO410010,['Oac']
1168,IA110010,"['Ica', 'Iac']"
1169,IA210010,"['Aca', 'Iac']"
1170,IA310010,['NVC']
1171,IA410010,"['Aac', 'Ica']"
1172,II110010,"['Ica', 'Iac']"
1173,II210010,"['Ica', 'Iac']"
1174,II310010,['NVC']
1175,II410010,"['Ica', 'Iac']"
1176,IE110010,['Oac']
1177,IE210010,['Eca']
1178,IE310010,['NVC']
1179,IE410010,['Eac']
1180,IO110010,['NVC']
1181,IO210010,['Oca']
1182,IO310010,['NVC']
1183,IO410010,['Oac']
1184,EA110010,['Eac']
1185,EA210010,['Eca']
1186,EA310010,['Eac']
1187,EA410010,['Eca']
1188,EI110010,['Eac']
1189,EI210010,['Oca']
1190,EI310010,['NVC']
1191,EI410010,['Eca']
1192,EE110010,['NVC']
1193,EE210010,['NVC']
1194,EE310010,['NVC']
1195,EE410010,['NVC']
1196,EO110010,['NVC']
1197,EO210010,['NVC']
1198,EO310010,['NVC']
1199,EO410010,['NVC']
1200,OA110010,['Oac']
1201,OA210010,['NVC']
1202,OA310010,['Oac']
1203,OA410010,['Oca']
1204,OI110010,['Oac']
1205,OI210010,['NVC']
1206,OI310010,['NVC']
1207,OI410010,['Oca']
1208,OE110010,['NVC']
1209,OE210010,['NVC']
1210,OE310010,['NVC']
1211,OE410010,['NVC']
1212,OO110010,['NVC']
1213,OO210010,['NVC']
1214,OO310010,['NVC']
1215,OO410010,['NVC']
1216,AA110011,"['Aac', 'Ica']"
1217,AA210011,"['Aca', 'Iac']"
1218,AA310011,['NVC']
1219,AA410011,"['Aac', 'Aca']"
1220,AI110011,"['Aac', 'Ica']"
1221,AI210011,"['Ica', 'Iac']"
1222,AI310011,['NVC']
1223,AI410011,"['Aca', 'Iac']"
1224,AE110011,['Eac']
1225,AE210011,['Eca']
1226,AE310011,['Eca']
1227,AE410011,['Eac']
1228,AO110011,['NVC']
1229,AO210011,['Oca']
1230,AO310011,['Oca']
1231,AO410011,['Oac']
1232,IA110011,"['Ica', 'Iac']"
1233,IA210011,"['Aca', 'Iac']"
1234,IA310011,['NVC']
1235,IA410011,"['Aac', 'Ica']"
1236,II110011,"['Ica', 'Iac']"
1237,II210011,"['Ica', 'Iac']"
1238,II310011,['NVC']
1239,II410011,"['Ica', 'Iac']"
1240,IE110011,['Oac']
1241,IE210011,['Eca']
1242,IE310011,['NVC']
1243,IE410011,['Eac']
1244,IO110011,['Oac']
1245,IO210011,['Oca']
1246,IO310011,['NVC']
1247,IO410011,['Oac']
1248,EA110011,['Eac']
1249,EA210011,['Eca']
1250,EA310011,['Eac']
1251,EA410011,['Eca']
1252,EI110011,['Eac']
1253,EI210011,['Oca']
1254,EI310011,['NVC']
1255,EI410011,['Eca']
1256,EE110011,['NVC']
1257,EE210011,['NVC']
1258,EE310011,['NVC']
1259,EE410011,['NVC']
1260,EO110011,['NVC']
1261,EO210011,['NVC']
1262,EO310011,['NVC']
1263,EO410011,['NVC']
1264,OA110011,['Oac']
1265,OA210011,['NVC']
1266,OA310011,['Oac']
1267,OA410011,['Oca']
1268,OI110011,['Oac']
1269,OI210011,['Oca']
1270,OI310011,['NVC']
1271,OI410011,['Oca']
1272,OE110011,['NVC']
1273,OE210011,['NVC']
1274,OE310011,['NVC']
1275,OE410011,['NVC']
1276,OO110011,['NVC']
1277,OO210011,['NVC']
1278,OO310011,['NVC']
1279,OO410011,['NVC']
1280,AA110100,['Aac']
1281,AA210100,['Aca']
1282,AA310100,['NVC']
1283,AA410100,"['Aac', 'Aca']"
1284,AI110100,['Aac']
1285,AI210100,"['Ica', 'Iac']"
1286,AI310100,['NVC']
1287,AI410100,['Aca']
1288,AE110100,['NVC']
1289,AE210100,"['Eca', 'Eac']"
1290,AE310100,['NVC']
1291,AE410100,"['Eca', 'Eac']"
1292,AO110100,['NVC']
1293,AO210100,['Oca']
1294,AO310100,['NVC']
1295,AO410100,['Oac']
1296,IA110100,"['Ica', 'Iac']"
1297,IA210100,['Aca']
1298,IA310100,['NVC']
1299,IA410100,['Aac']
1300,II110100,"['Ica', 'Iac']"
1301,II210100,"['Ica', 'Iac']"
1302,II310100,['NVC']
1303,II410100,"['Ica', 'Iac']"
1304,IE110100,['Oac']
1305,IE210100,"['Eca', 'Eac']"
1306,IE310100,['Oac']
1307,IE410100,"['Eca', 'Eac']"
1308,IO110100,['NVC']
1309,IO210100,['Oca']
1310,IO310100,['NVC']
1311,IO410100,['Oac']
1312,EA110100,"['Eca', 'Eac']"
1313,EA210100,['NVC']
1314,EA310100,['NVC']
1315,EA410100,"['Eca', 'Eac']"
1316,EI110100,"['Eca', 'Eac']"
1317,EI210100,['Oca']
1318,EI310100,['Oca']
1319,EI410100,"['Eca', 'Eac']"
1320,EE110100,['NVC']
1321,EE210100,['NVC']
1322,EE310100,['NVC']
1323,EE410100,['NVC']
1324,EO110100,['NVC']
1325,EO210100,['NVC']
1326,EO310100,['NVC']
1327,EO410100,['NVC']
1328,OA110100,['Oac']
1329,OA210100,['NVC']
1330,OA310100,['NVC']
1331,OA410100,['Oca']
1332,OI110100,['Oac']
1333,OI210100,['NVC']
1334,OI310100,['NVC']
1335,OI410100,['Oca']
1336,OE110100,['NVC']
1337,OE210100,['NVC']
1338,OE310100,['NVC']
1339,OE410100,['NVC']
1340,OO110100,['NVC']
1341,OO210100,['NVC']
1342,OO310100,['NVC']
1343,OO410100,['NVC']
1344,AA110101,['Aac']
1345,AA210101,['Aca']
1346,AA310101,['NVC']
1347,AA410101,"['Aac', 'Aca']"
1348,AI110101,['Aac']
1349,AI210101,"['Ica', 'Iac']"
1350,AI310101,['NVC']
1351,AI410101,['Aca']
1352,AE110101,['NVC']
1353,AE210101,"['Eca', 'Eac']"
1354,AE310101,['NVC']
1355,AE410101,"['Eca', 'Eac']"
1356,AO110101,['Oac']
1357,AO210101,['Oca']
1358,AO310101,['NVC']
1359,AO410101,['Oac']
1360,IA110101,"['Ica', 'Iac']"
1361,IA210101,['Aca']
1362,IA310101,['NVC']
1363,IA410101,['Aac']
1364,II110101,"['Ica', 'Iac']"
1365,II210101,"['Ica', 'Iac']"
1366,II310101,['NVC']
1367,II410101,"['Ica', 'Iac']"
1368,IE110101,['Oac']
1369,IE210101,"['Eca', 'Eac']"
1370,IE310101,['Oac']
1371,IE410101,"['Eca', 'Eac']"
1372,IO110101,['Oac']
1373,IO210101,['Oca']
1374,IO310101,['NVC']
1375,IO410101,['Oac']
1376,EA110101,"['Eca', 'Eac']"
1377,EA210101,['NVC']
1378,EA310101,['NVC']
1379,EA410101,"['Eca', 'Eac']"
1380,EI110101,"['Eca', 'Eac']"
1381,EI210101,['Oca']
1382,EI310101,['Oca']
1383,EI410101,"['Eca', 'Eac']"
1384,EE110101,['NVC']
1385,EE210101,['NVC']
1386,EE310101,['NVC']
1387,EE410101,['NVC']
1388,EO110101,['NVC']
1389,EO210101,['NVC']
1390,EO310101,['NVC']
1391,EO410101,['NVC']
1392,OA110101,['Oac']
1393,OA210101,['Oca']
1394,OA310101,['NVC']
1395,OA410101,['Oca']
1396,OI110101,['Oac']
1397,OI210101,['Oca']
1398,OI310101,['NVC']
1399,OI410101,['Oca']
1400,OE110101,['NVC']
1401,OE210101,['NVC']
1402,OE310101,['NVC']
1403,OE410101,['NVC']
1404,OO110101,['NVC']
1405,OO210101,['NVC']
1406,OO310101,['NVC']
1407,OO410101,['NVC']
1408,AA110110,['Aac']
1409,AA210110,['Aca']
1410,AA310110,['NVC']
1411,AA410110,"['Aac', 'Aca']"
1412,AI110110,['Aac']
1413,AI210110,"['Ica', 'Iac']"
1414,AI310110,['NVC']
1415,AI410110,['Aca']
1416,AE110110,"['Eca', 'Eac']"
1417,AE210110,"['Eca', 'Eac']"
1418,AE310110,"['Eca', 'Eac']"
1419,AE410110,"['Eca', 'Eac']"
1420,AO110110,['NVC']
1421,AO210110,['Oca']
1422,AO310110,['Oca']
1423,AO410110,['Oac']
1424,IA110110,"['Ica', 'Iac']"
1425,IA210110,['Aca']
1426,IA310110,['NVC']
1427,IA410110,['Aac']
1428,II110110,"['Ica', 'Iac']"
1429,II210110,"['Ica', 'Iac']"
1430,II310110,['NVC']
1431,II410110,"['Ica', 'Iac']"
1432,IE110110,['Oac']
1433,IE210110,"['Eca', 'Eac']"
1434,IE310110,['Oac']
1435,IE410110,"['Eca', 'Eac']"
1436,IO110110,['NVC']
1437,IO210110,['Oca']
1438,IO310110,['NVC']
1439,IO410110,['Oac']
1440,EA110110,"['Eca', 'Eac']"
1441,EA210110,"['Eca', 'Eac']"
1442,EA310110,"['Eca', 'Eac']"
1443,EA410110,"['Eca', 'Eac']"
1444,EI110110,"['Eca', 'Eac']"
1445,EI210110,['Oca']
1446,EI310110,['Oca']
1447,EI410110,"['Eca', 'Eac']"
1448,EE110110,['NVC']
1449,EE210110,['NVC']
1450,EE310110,['NVC']
1451,EE410110,['NVC']
1452,EO110110,['NVC']
1453,EO210110,['NVC']
1454,EO310110,['NVC']
1455,EO410110,['NVC']
1456,OA110110,['Oac']
1457,OA210110,['NVC']
1458,OA310110,['Oac']
1459,OA410110,['Oca']
1460,OI110110,['Oac']
1461,OI210110,['NVC']
1462,OI310110,['NVC']
1463,OI410110,['Oca']
1464,OE110110,['NVC']
1465,OE210110,['NVC']
1466,OE310110,['NVC']
1467,OE410110,['NVC']
1468,OO110110,['NVC']
1469,OO210110,['NVC']
1470,OO310110,['NVC']
1471,OO410110,['NVC']
1472,AA110111,['Aac']
1473,AA210111,['Aca']
1474,AA310111,['NVC']
1475,AA410111,"['Aac', 'Aca']"
1476,AI110111,['Aac']
1477,AI210111,"['Ica', 'Iac']"
1478,AI310111,['NVC']
1479,AI410111,['Aca']
1480,AE110111,"['Eca', 'Eac']"
1481,AE210111,"['Eca', 'Eac']"
1482,AE310111,"['Eca', 'Eac']"
1483,AE410111,"['Eca', 'Eac']"
1484,AO110111,['NVC']
1485,AO210111,['Oca']
1486,AO310111,['Oca']
1487,AO410111,['Oac']
1488,IA110111,"['Ica', 'Iac']"
1489,IA210111,['Aca']
1490,IA310111,['NVC']
1491,IA410111,['Aac']
1492,II110111,"['Ica', 'Iac']"
1493,II210111,"['Ica', 'Iac']"
1494,II310111,['NVC']
1495,II410111,"['Ica', 'Iac']"
1496,IE110111,['Oac']
1497,IE210111,"['Eca', 'Eac']"
1498,IE310111,['Oac']
1499,IE410111,"['Eca', 'Eac']"
1500,IO110111,['Oac']
1501,IO210111,['Oca']
1502,IO310111,['NVC']
1503,IO410111,['Oac']
1504,EA110111,"['Eca', 'Eac']"
1505,EA210111,"['Eca', 'Eac']"
1506,EA310111,"['Eca', 'Eac']"
1507,EA410111,"['Eca', 'Eac']"
1508,EI110111,"['Eca', 'Eac']"
1509,EI210111,['Oca']
1510,EI310111,['Oca']
1511,EI410111,"['Eca', 'Eac']"
1512,EE110111,['NVC']
1513,EE210111,['NVC']
1514,EE310111,['NVC']
1515,EE410111,['NVC']
1516,EO110111,['NVC']
1517,EO210111,['NVC']
1518,EO310111,['NVC']
1519,EO410111,['NVC']
1520,OA110111,['Oac']
1521,OA210111,['NVC']
1522,OA310111,['Oac']
1523,OA410111,['Oca']
1524,OI110111,['Oac']
1525,OI210111,['Oca']
1526,OI310111,['NVC']
1527,OI410111,['Oca']
1528,OE110111,['NVC']
1529,OE210111,['NVC']
1530,OE310111,['NVC']
1531,OE410111,['NVC']
1532,OO110111,['NVC']
1533,OO210111,['NVC']
1534,OO310111,['NVC']
1535,OO410111,['NVC']
1536,AA111000,['Aac']
1537,AA211000,['Aca']
1538,AA311000,['NVC']
1539,AA411000,"['Aac', 'Aca']"
1540,AI111000,['Aac']
1541,AI211000,"['Ica', 'Iac']"
1542,AI311000,['Aac']
1543,AI411000,"['Ica', 'Iac']"
1544,AE111000,['Eac']
1545,AE211000,['Eca']
1546,AE311000,['NVC']
1547,AE411000,['Eac']
1548,AO111000,['NVC']
1549,AO211000,['Oca']
1550,AO311000,['NVC']
1551,AO411000,['Oac']
1552,IA111000,"['Ica', 'Iac']"
1553,IA211000,['Aca']
1554,IA311000,['Aca']
1555,IA411000,"['Ica', 'Iac']"
1556,II111000,"['Ica', 'Iac']"
1557,II211000,"['Ica', 'Iac']"
1558,II311000,"['Ica', 'Iac']"
1559,II411000,"['Ica', 'Iac']"
1560,IE111000,['Oac']
1561,IE211000,['Eca']
1562,IE311000,['Eca']
1563,IE411000,['Oac']
1564,IO111000,['Oac']
1565,IO211000,['Oca']
1566,IO311000,['Oca']
1567,IO411000,['Oac']
1568,EA111000,['Eac']
1569,EA211000,['Eca']
1570,EA311000,['NVC']
1571,EA411000,['Eca']
1572,EI111000,['Eac']
1573,EI211000,['Oca']
1574,EI311000,['Eac']
1575,EI411000,['Oca']
1576,EE111000,['NVC']
1577,EE211000,['NVC']
1578,EE311000,['NVC']
1579,EE411000,['NVC']
1580,EO111000,['NVC']
1581,EO211000,['NVC']
1582,EO311000,['NVC']
1583,EO411000,['NVC']
1584,OA111000,['Oac']
1585,OA211000,['NVC']
1586,OA311000,['NVC']
1587,OA411000,['Oca']
1588,OI111000,['Oac']
1589,OI211000,['Oca']
1590,OI311000,['Oac']
1591,OI411000,['Oca']
1592,OE111000,['NVC']
1593,OE211000,['NVC']
1594,OE311000,['NVC']
1595,OE411000,['NVC']
1596,OO111000,['NVC']
1597,OO211000,['NVC']
1598,OO311000,['NVC']
1599,OO411000,['NVC']
1600,AA111001,['Aac']
1601,AA211001,['Aca']
1602,AA311001,['NVC']
1603,AA411001,"['Aac', 'Aca']"
1604,AI111001,['Aac']
1605,AI211001,"['Ica', 'Iac']"
1606,AI311001,['Aac']
1607,AI411001,"['Ica', 'Iac']"
1608,AE111001,['Eac']
1609,AE211001,['Eca']
1610,AE311001,['NVC']
1611,AE411001,['Eac']
1612,AO111001,['Oac']
1613,AO211001,['Oca']
1614,AO311001,['NVC']
1615,AO411001,['Oac']
1616,IA111001,"['Ica', 'Iac']"
1617,IA211001,['Aca']
1618,IA311001,['Aca']
1619,IA411001,"['Ica', 'Iac']"
1620,II111001,"['Ica', 'Iac']"
1621,II211001,"['Ica', 'Iac']"
1622,II311001,"['Ica', 'Iac']"
1623,II411001,"['Ica', 'Iac']"
1624,IE111001,['Oac']
1625,IE211001,['Eca']
1626,IE311001,['Eca']
1627,IE411001,['Oac']
1628,IO111001,['Oac']
1629,IO211001,['Oca']
1630,IO311001,['Oca']
1631,IO411001,['Oac']
1632,EA111001,['Eac']
1633,EA211001,['Eca']
1634,EA311001,['NVC']
1635,EA411001,['Eca']
1636,EI111001,['Eac']
1637,EI211001,['Oca']
1638,EI311001,['Eac']
1639,EI411001,['Oca']
1640,EE111001,['NVC']
1641,EE211001,['NVC']
1642,EE311001,['NVC']
1643,EE411001,['NVC']
1644,EO111001,['NVC']
1645,EO211001,['NVC']
1646,EO311001,['NVC']
1647,EO411001,['NVC']
1648,OA111001,['Oac']
1649,OA211001,['Oca']
1650,OA311001,['NVC']
1651,OA411001,['Oca']
1652,OI111001,['Oac']
1653,OI211001,['Oca']
1654,OI311001,['Oac']
1655,OI411001,['Oca']
1656,OE111001,['NVC']
1657,OE211001,['NVC']
1658,OE311001,['NVC']
1659,OE411001,['NVC']
1660,OO111001,['NVC']
1661,OO211001,['NVC']
1662,OO311001,['NVC']
1663,OO411001,['NVC']
1664,AA111010,['Aac']
1665,AA211010,['Aca']
1666,AA311010,['NVC']
1667,AA411010,"['Aac', 'Aca']"
1668,AI111010,['Aac']
1669,AI211010,"['Ica', 'Iac']"
1670,AI311010,['Aac']
1671,AI411010,"['Ica', 'Iac']"
1672,AE111010,['Eac']
1673,AE211010,['Eca']
1674,AE311010,['Eca']
1675,AE411010,['Eac']
1676,AO111010,['NVC']
1677,AO211010,['Oca']
1678,AO311010,['Oca']
1679,AO411010,['Oac']
1680,IA111010,"['Ica', 'Iac']"
1681,IA211010,['Aca']
1682,IA311010,['Aca']
1683,IA411010,"['Ica', 'Iac']"
1684,II111010,"['Ica', 'Iac']"
1685,II211010,"['Ica', 'Iac']"
1686,II311010,"['Ica', 'Iac']"
1687,II411010,"['Ica', 'Iac']"
1688,IE111010,['Oac']
1689,IE211010,['Eca']
1690,IE311010,['Eca']
1691,IE411010,['Oac']
1692,IO111010,['Oac']
1693,IO211010,['Oca']
1694,IO311010,['Oca']
1695,IO411010,['Oac']
1696,EA111010,['Eac']
1697,EA211010,['Eca']
1698,EA311010,['Eac']
1699,EA411010,['Eca']
1700,EI111010,['Eac']
1701,EI211010,['Oca']
1702,EI311010,['Eac']
1703,EI411010,['Oca']
1704,EE111010,['NVC']
1705,EE211010,['NVC']
1706,EE311010,['NVC']
1707,EE411010,['NVC']
1708,EO111010,['NVC']
1709,EO211010,['NVC']
1710,EO311010,['NVC']
1711,EO411010,['NVC']
1712,OA111010,['Oac']
1713,OA211010,['NVC']
1714,OA311010,['Oac']
1715,OA411010,['Oca']
1716,OI111010,['Oac']
1717,OI211010,['Oca']
1718,OI311010,['Oac']
1719,OI411010,['Oca']
1720,OE111010,['NVC']
1721,OE211010,['NVC']
1722,OE311010,['NVC']
1723,OE411010,['NVC']
1724,OO111010,['NVC']
1725,OO211010,['NVC']
1726,OO311010,['NVC']
1727,OO411010,['NVC']
1728,AA111011,['Aac']
1729,AA211011,['Aca']
1730,AA311011,['NVC']
1731,AA411011,"['Aac', 'Aca']"
1732,AI111011,['Aac']
1733,AI211011,"['Ica', 'Iac']"
1734,AI311011,['Aac']
1735,AI411011,"['Ica', 'Iac']"
1736,AE111011,['Eac']
1737,AE211011,['Eca']
1738,AE311011,['Eca']
1739,AE411011,['Eac']
1740,AO111011,['NVC']
1741,AO211011,['Oca']
1742,AO311011,['Oca']
1743,AO411011,['Oac']
1744,IA111011,"['Ica', 'Iac']"
1745,IA211011,['Aca']
1746,IA311011,['Aca']
1747,IA411011,"['Ica', 'Iac']"
1748,II111011,"['Ica', 'Iac']"
1749,II211011,"['Ica', 'Iac']"
1750,II311011,"['Ica', 'Iac']"
1751,II411011,"['Ica', 'Iac']"
1752,IE111011,['Oac']
1753,IE211011,['Eca']
1754,IE311011,['Eca']
1755,IE411011,['Oac']
1756,IO111011,['Oac']
1757,IO211011,['Oca']
1758,IO311011,['Oca']
1759,IO411011,['Oac']
1760,EA111011,['Eac']
1761,EA211011,['Eca']
1762,EA311011,['Eac']
1763,EA411011,['Eca']
1764,EI111011,['Eac']
1765,EI211011,['Oca']
1766,EI311011,['Eac']
1767,EI411011,['Oca']
1768,EE111011,['NVC']
1769,EE211011,['NVC']
1770,EE311011,['NVC']
1771,EE411011,['NVC']
1772,EO111011,['NVC']
1773,EO211011,['NVC']
1774,EO311011,['NVC']
1775,EO411011,['NVC']
1776,OA111011,['Oac']
1777,OA211011,['NVC']
1778,OA311011,['Oac']
1779,OA411011,['Oca']
1780,OI111011,['Oac']
1781,OI211011,['Oca']
1782,OI311011,['Oac']
1783,OI411011,['Oca']
1784,OE111011,['NVC']
1785,OE211011,['NVC']
1786,OE311011,['NVC']
1787,OE411011,['NVC']
1788,OO111011,['NVC']
1789,OO211011,['NVC']
1790,OO311011,['NVC']
1791,OO411011,['NVC']
1792,AA111100,['Aac']
1793,AA211100,['Aca']
1794,AA311100,['NVC']
1795,AA411100,"['Aac', 'Aca']"
1796,AI111100,['Aac']
1797,AI211100,"['Ica', 'Iac']"
1798,AI311100,['Aac']
1799,AI411100,"['Ica', 'Iac']"
1800,AE111100,['NVC']
1801,AE211100,"['Eca', 'Eac']"
1802,AE311100,['NVC']
1803,AE411100,"['Eca', 'Eac']"
1804,AO111100,['NVC']
1805,AO211100,['Oca']
1806,AO311100,['NVC']
1807,AO411100,['Oac']
1808,IA111100,"['Ica', 'Iac']"
1809,IA211100,['Aca']
1810,IA311100,['Aca']
1811,IA411100,"['Ica', 'Iac']"
1812,II111100,"['Ica', 'Iac']"
1813,II211100,"['Ica', 'Iac']"
1814,II311100,"['Ica', 'Iac']"
1815,II411100,"['Ica', 'Iac']"
1816,IE111100,['Oac']
1817,IE211100,['Oac']
1818,IE311100,['Oac']
1819,IE411100,['Oac']
1820,IO111100,['Oac']
1821,IO211100,['Oca']
1822,IO311100,['Oca']
1823,IO411100,['Oac']
1824,EA111100,"['Eca', 'Eac']"
1825,EA211100,['NVC']
1826,EA311100,['NVC']
1827,EA411100,"['Eca', 'Eac']"
1828,EI111100,['Oca']
1829,EI211100,['Oca']
1830,EI311100,['Oca']
1831,EI411100,['Oca']
1832,EE111100,['NVC']
1833,EE211100,['NVC']
1834,EE311100,['NVC']
1835,EE411100,['NVC']
1836,EO111100,['NVC']
1837,EO211100,['NVC']
1838,EO311100,['NVC']
1839,EO411100,['NVC']
1840,OA111100,['Oac']
1841,OA211100,['NVC']
1842,OA311100,['NVC']
1843,OA411100,['Oca']
1844,OI111100,['Oac']
1845,OI211100,['Oca']
1846,OI311100,['Oac']
1847,OI411100,['Oca']
1848,OE111100,['NVC']
1849,OE211100,['NVC']
1850,OE311100,['NVC']
1851,OE411100,['NVC']
1852,OO111100,['NVC']
1853,OO211100,['NVC']
1854,OO311100,['NVC']
1855,OO411100,['NVC']
1856,AA111101,['Aac']
1857,AA211101,['Aca']
1858,AA311101,['NVC']
1859,AA411101,"['Aac', 'Aca']"
1860,AI111101,['Aac']
1861,AI211101,"['Ica', 'Iac']"
1862,AI311101,['Aac']
1863,AI411101,"['Ica', 'Iac']"
1864,AE111101,['NVC']
1865,AE211101,"['Eca', 'Eac']"
1866,AE311101,['NVC']
1867,AE411101,"['Eca', 'Eac']"
1868,AO111101,['Oac']
1869,AO211101,['Oca']
1870,AO311101,['NVC']
1871,AO411101,['Oac']
1872,IA111101,"['Ica', 'Iac']"
1873,IA211101,['Aca']
1874,IA311101,['Aca']
1875,IA411101,"['Ica', 'Iac']"
1876,II111101,"['Ica', 'Iac']"
1877,II211101,"['Ica', 'Iac']"
1878,II311101,"['Ica', 'Iac']"
1879,II411101,"['Ica', 'Iac']"
1880,IE111101,['Oac']
1881,IE211101,['Oac']
1882,IE311101,['Oac']
1883,IE411101,['Oac']
1884,IO111101,['Oac']
1885,IO211101,['Oca']
1886,IO311101,['Oca']
1887,IO411101,['Oac']
1888,EA111101,"['Eca', 'Eac']"
1889,EA211101,['NVC']
1890,EA311101,['NVC']
1891,EA411101,"['Eca', 'Eac']"
1892,EI111101,['Oca']
1893,EI211101,['Oca']
1894,EI311101,['Oca']
1895,EI411101,['Oca']
1896,EE111101,['NVC']
1897,EE211101,['NVC']
1898,EE311101,['NVC']
1899,EE411101,['NVC']
1900,EO111101,['NVC']
1901,EO211101,['NVC']
1902,EO311101,['NVC']
1903,EO411101,['NVC']
1904,OA111101,['Oac']
1905,OA211101,['Oca']
1906,OA311101,['NVC']
1907,OA411101,['Oca']
1908,OI111101,['Oac']
1909,OI211101,['Oca']
1910,OI311101,['Oac']
1911,OI411101,['Oca']
1912,OE111101,['NVC']
1913,OE211101,['NVC']
1914,OE311101,['NVC']
1915,OE411101,['NVC']
1916,OO111101,['NVC']
1917,OO211101,['NVC']
1918,OO311101,['NVC']
1919,OO411101,['NVC']
1920,AA111110,['Aac']
1921,AA211110,['Aca']
1922,AA311110,['NVC']
1923,AA411110,"['Aac', 'Aca']"
1924,AI111110,['Aac']
1925,AI211110,"['Ica', 'Iac']"
1926,AI311110,['Aac']
1927,AI411110,"['Ica', 'Iac']"
1928,AE111110,"['Eca', 'Eac']"
1929,AE211110,"['Eca', 'Eac']"
1930,AE311110,"['Eca', 'Eac']"
1931,AE411110,"['Eca', 'Eac']"
1932,AO111110,['NVC']
1933,AO211110,['Oca']
1934,AO311110,['Oca']
1935,AO411110,['Oac']
1936,IA111110,"['Ica', 'Iac']"
1937,IA211110,['Aca']
1938,IA311110,['Aca']
1939,IA411110,"['Ica', 'Iac']"
1940,II111110,"['Ica', 'Iac']"
1941,II211110,"['Ica', 'Iac']"
1942,II311110,"['Ica', 'Iac']"
1943,II411110,"['Ica', 'Iac']"
1944,IE111110,['Oac']
1945,IE211110,['Oac']
1946,IE311110,['Oac']
1947,IE411110,['Oac']
1948,IO111110,['Oac']
1949,IO211110,['Oca']
1950,IO311110,['Oca']
1951,IO411110,['Oac']
1952,EA111110,"['Eca', 'Eac']"
1953,EA211110,"['Eca', 'Eac']"
1954,EA311110,"['Eca', 'Eac']"
1955,EA411110,"['Eca', 'Eac']"
1956,EI111110,['Oca']
1957,EI211110,['Oca']
1958,EI311110,['Oca']
1959,EI411110,['Oca']
1960,EE111110,['NVC']
1961,EE211110,['NVC']
1962,EE311110,['NVC']
1963,EE411110,['NVC']
1964,EO111110,['NVC']
1965,EO211110,['NVC']
1966,EO311110,['NVC']
1967,EO411110,['NVC']
1968,OA111110,['Oac']
1969,OA211110,['NVC']
1970,OA311110,['Oac']
1971,OA411110,['Oca']
1972,OI111110,['Oac']
1973,OI211110,['Oca']
1974,OI311110,['Oac']
1975,OI411110,['Oca']
1976,OE111110,['NVC']
1977,OE211110,['NVC']
1978,OE311110,['NVC']
1979,OE411110,['NVC']
1980,OO111110,['NVC']
1981,OO211110,['NVC']
1982,OO311110,['NVC']
1983,OO411110,['NVC']
1984,AA111111,['Aac']
1985,AA211111,['Aca']
1986,AA311111,['NVC']
1987,AA411111,"['Aac', 'Aca']"
1988,AI111111,['Aac']
1989,AI211111,"['Ica', 'Iac']"
1990,AI311111,['Aac']
1991,AI411111,"['Ica', 'Iac']"
1992,AE111111,"['Eca', 'Eac']"
1993,AE211111,"['Eca', 'Eac']"
1994,AE311111,"['Eca', 'Eac']"
1995,AE411111,"['Eca', 'Eac']"
1996,AO111111,['NVC']
1997,AO211111,['Oca']
1998,AO311111,['Oca']
1999,AO411111,['Oac']
2000,IA111111,"['Ica', 'Iac']"
2001,IA211111,['Aca']
2002,IA311111,['Aca']
2003,IA411111,"['Ica', 'Iac']"
2004,II111111,"['Ica', 'Iac']"
2005,II211111,"['Ica', 'Iac']"
2006,II311111,"['Ica', 'Iac']"
2007,II411111,"['Ica', 'Iac']"
2008,IE111111,['Oac']
2009,IE211111,['Oac']
2010,IE311111,['Oac']
2011,IE411111,['Oac']
2012,IO111111,['Oac']
2013,IO211111,['Oca']
2014,IO311111,['Oca']
2015,IO411111,['Oac']
2016,EA111111,"['Eca', 'Eac']"
2017,EA211111,"['Eca', 'Eac']"
2018,EA311111,"['Eca', 'Eac']"
2019,EA411111,"['Eca', 'Eac']"
2020,EI111111,['Oca']
2021,EI211111,['Oca']
2022,EI311111,['Oca']
2023,EI411111,['Oca']
2024,EE111111,['NVC']
2025,EE211111,['NVC']
2026,EE311111,['NVC']
2027,EE411111,['NVC']
2028,EO111111,['NVC']
2029,EO211111,['NVC']
2030,EO311111,['NVC']
2031,EO411111,['NVC']
2032,OA111111,['Oac']
2033,OA211111,['NVC']
2034,OA311111,['Oac']
2035,OA411111,['Oca']
2036,OI111111,['Oac']
2037,OI211111,['Oca']
2038,OI311111,['Oac']
2039,OI411111,['Oca']
2040,OE111111,['NVC']
2041,OE211111,['NVC']
2042,OE311111,['NVC']
2043,OE411111,['NVC']
2044,OO111111,['NVC']
2045,OO211111,['NVC']
2046,OO311111,['NVC']
2047,OO411111,['NVC']
