AA1,Ica,Aac,Iac
AA2,Aca,Ica,Iac
AA3,NVC
AA4,Ica,Iac
AI1,NVC
AI2,Ica,Iac
AI3,Oca
AI4,Ica,Iac,Oac
AE1,Eca,Eac,Oac
AE2,Oac
AE3,Eca,Oca,Eac,Oac
AE4,Oac
AO1,NVC
AO2,Ica,Iac
AO3,Oca
AO4,Ica,Iac,Oac
IA1,Ica,Iac
IA2,NVC
IA3,Oac
IA4,Ica,Oca,Iac
II1,NVC
II2,NVC
II3,NVC
II4,NVC
IE1,Oac
IE2,Oac
IE3,Oac
IE4,Oac
IO1,NVC
IO2,NVC
IO3,NVC
IO4,NVC
EA1,Oca
EA2,Eca,Oca,Eac
EA3,Eca,Oca,Eac,Oac
EA4,Oca
EI1,Oca
EI2,Oca
EI3,Oca
EI4,Oca
EE1,NVC
EE2,NVC
EE3,NVC
EE4,NVC
EO1,Oca
EO2,Oca
EO3,Oca
EO4,Oca
OA1,Ica,Iac
OA2,NVC
OA3,Oac
OA4,Ica,Oca,Iac
OI1,NVC
OI2,NVC
OI3,NVC
OI4,NVC
OE1,Oac
OE2,Oac
OE3,Oac
OE4,Oac
OO1,NVC
OO2,NVC
OO3,NVC
OO4,NVC
