AA1,Aac
AA3,Iac,Aca
AA4,Aca
AA2,Aca
AI1,Iac
AI3,Iac,Ica
AI4,Ica
AI2,Ica
AE1,Eac
AE3,Eca
AE4,Eac
AE2,Eca
AO1,Oac
AO3,Oca
AO4,Oac
AO2,Oca
IA1,Iac
IA3,Iac,Ica
IA4,Ica
IA2,Ica
II1,Iac
II3,NVC
II4,Ica
II2,NVC
IE1,Oac
IE3,Iac,Ica
IE4,Oac
IE2,Ica
IO1,Oac
IO3,Iac,Ica
IO4,Oac
IO2,Ica
EA1,Eca
EA3,Eca
EA4,Eca
EA2,Eca
EI1,Oca
EI3,Oca
EI4,Oca
EI2,Oca
EE1,Eac
EE3,Iac,Aca
EE4,NVC
EE2,Eca
EO1,Oac
EO3,Iac,Ica
EO4,NVC
EO2,Oca
OA1,Oca
OA3,Oca
OA4,Oca
OA2,Oca
OI1,Oca
OI3,Oca
OI4,Oca
OI2,NVC
OE1,Oac
OE3,Oca
OE4,NVC
OE2,Oca
OO1,NVC
OO3,Oca
OO4,NVC
OO2,Oca
